TDSFU Daily run: Mon Oct 27 13:10:54 UTC 2025 TDSFU
TDSFU Daily run: Tue Oct 28 04:33:59 UTC 2025 TDSFU
TDSFU Daily run: Wed Oct 29 04:37:32 UTC 2025 TDSFU
TDSFU Daily run: Thu Oct 30 04:33:35 UTC 2025 TDSFU
TDSFU Daily run: Fri Oct 31 04:35:04 UTC 2025 TDSFU
TDSFU Daily run: Sat Nov  1 04:31:02 UTC 2025 TDSFU
TDSFU Daily run: Sun Nov  2 04:33:35 UTC 2025 TDSFU
TDSFU Daily run: Mon Nov  3 04:38:43 UTC 2025 TDSFU
TDSFU Daily run: Tue Nov  4 04:33:41 UTC 2025 TDSFU
TDSFU Daily run: Wed Nov  5 04:34:20 UTC 2025 TDSFU
